{
  "project_info": {
    "project_number": "516502550799",
    "firebase_url": "https://proplanetperson-3f7b9-default-rtdb.asia-southeast1.firebasedatabase.app",
    "project_id": "proplanetperson-3f7b9",
    "storage_bucket": "proplanetperson-3f7b9.firebasestorage.app"
  },
  "client": [
    {
      "client_info": {
        "mobilesdk_app_id": "1:516502550799:android:29afcc1f7a219f112de67a",
        "android_client_info": {
          "package_name": "com.example.ProPlanetPerson"
        }
      },
      "oauth_client": [
        {
          "client_id": "516502550799-3icq2nmunmuqbk8edjjb0915uqgkteu3.apps.googleusercontent.com",
          "client_type": 1,
          "android_info": {
            "package_name": "com.example.ProPlanetPerson",
            "certificate_hash": "de1895fa47af5401e642ae3a3c68c724202268d1"
          }
        },
        {
          "client_id": "516502550799-87t9kcs5d9uc243o717nqoko5vkto41p.apps.googleusercontent.com",
          "client_type": 3
        }
      ],
      "api_key": [
        {
          "current_key": "AIzaSyAha_u8D4mi9yKxLGy2zvZ1mKem19HUYuY"
        }
      ],
      "services": {
        "appinvite_service": {
          "other_platform_oauth_client": [
            {
              "client_id": "516502550799-87t9kcs5d9uc243o717nqoko5vkto41p.apps.googleusercontent.com",
              "client_type": 3
            }
          ]
        }
      }
    },
    {
      "client_info": {
        "mobilesdk_app_id": "1:516502550799:android:c738e79f99ceb4002de67a",
        "android_client_info": {
          "package_name": "com.example.proplanetperson"
        }
      },
      "oauth_client": [
        {
          "client_id": "516502550799-87t9kcs5d9uc243o717nqoko5vkto41p.apps.googleusercontent.com",
          "client_type": 3
        }
      ],
      "api_key": [
        {
          "current_key": "AIzaSyAha_u8D4mi9yKxLGy2zvZ1mKem19HUYuY"
        }
      ],
      "services": {
        "appinvite_service": {
          "other_platform_oauth_client": [
            {
              "client_id": "516502550799-87t9kcs5d9uc243o717nqoko5vkto41p.apps.googleusercontent.com",
              "client_type": 3
            }
          ]
        }
      }
    }
  ],
  "configuration_version": "1"
}